{
  "project_info": {
    "project_number": "431144598325",
    "project_id": "roccia-97272",
    "storage_bucket": "roccia-97272.appspot.com"
  },
  "client": [
    {
      "client_info": {
        "mobilesdk_app_id": "1:431144598325:android:b037d2da361b558403ea7c",
        "android_client_info": {
          "package_name": "com.roccia.roccia"
        }
      },
      "oauth_client": [
        {
          "client_id": "431144598325-ev0jhi6etfveilubnqqopg0q901u88d0.apps.googleusercontent.com",
          "client_type": 3
        }
      ],
      "api_key": [
        {
          "current_key": "AIzaSyBXCXG8SfU0f-QQB5nPU10RYJUXQCeTzN8"
        }
      ],
      "services": {
        "appinvite_service": {
          "other_platform_oauth_client": [
            {
              "client_id": "431144598325-ev0jhi6etfveilubnqqopg0q901u88d0.apps.googleusercontent.com",
              "client_type": 3
            }
          ]
        }
      }
    }
  ],
  "configuration_version": "1"
}